title,text
BREAKING: Secret Alien Base Discovered Under Antarctica by Miners,Whistleblowers have leaked top secret footage showing an underground alien city in Antarctica.
SHOCKING: Drinking Warm Salt Water Cures All Viruses in 10 Minutes,Doctors in secret medical community reveal big pharma has suppressed salt water miracle cures.
Local Man Builds Time Machine in Garage and Visits Year 3000,An amateur inventor claims he traveled to the future using microwave oven parts.
Government Plans to Replace Currency with Chocolate Coins by 2027,An anonymous insider reports financial authorities will transition to edible currency.
Ancient Pyramids Were Actually Giant Wireless Cellphone Towers,Archaeologists uncover secret copper wiring proving ancient civilizations had 5G.
Miracle Herb Found in Amazon Burns 50 Pounds of Fat Overnight,Diet pill companies hate this one weird trick discovered by a local grandmother.
NASA Confirms Moon Is Slowly Turning Into Solid Cheese,Leaked astronomical surveys prove atmospheric crystallization of calcium on lunar surface.
Celebrity Billionaire secretly clones himself 10 times to manage companies,Tabloid investigation reveals shocking duplicates operating executive suites.
Dinosaurs Never Went Extinct and Are Living Inside Earth Volcanoes,Fringe expedition claims to have photographed live velociraptors in volcanic caves.
Eating 10 Bananas a Day Makes You Completely Immune to Gravity,Viral video claims potassium overload alters gravitational pull on human body.
Secret Society Controls Weather Using Giant Hairdryers on Satellites,Unverified forum post claims hurricanes are generated by space-based heating coils.
Smartphones Are Actually Secret Telepathy Devices Reading Thoughts,Whistleblower claims microchips transmit inner monologue to global data centers.
Sun to Be Switched Off for Scheduled Maintenance Next Tuesday,Satirical claim spreads panic that celestial engineers will reboot solar corona.
New Law Mandates Everyone Must Walk Backwards on Alternating Wednesdays,Fake legal decree circulated on social media claims traffic authorities mandate backwards walking.
Pet Cats Secretly Understand Calculus and Have Been Grading Student Homework,Hilarious report claims felines possess hidden mastery of differential equations.
